name,description
Eaton Vance Risk-Managed Diversified Equity Income Fund,"Fresh, creamy avocados ideal for salads and guacamole."
Select Asset Inc.,Advanced wristband that tracks daily activities and sleep.
"Stag Industrial, Inc.","Rich and flavorful chicken broth, great for soups."
"Boston Beer Company, Inc. (The)",Hearty casserole with beef and enchilada sauce.
WAVE Life Sciences Ltd.,Rechargeable electric wine opener for effortless uncorking.
"Westmoreland Resource Partners, LP","Stylish ripped boyfriend jeans for a relaxed, effortlessly cool vibe."
Ashford Hospitality Trust Inc,Trendy high-top canvas sneakers for a stylish streetwear look.
Standex International Corporation,Convenient magnetic jars for easy spice storage.
"Eldorado Resorts, Inc.",Gluten-free bread mix made with almond flour.
Union Bankshares Corporation,Connect your phone to the car's audio system via Bluetooth.
"Asia Tigers Fund, Inc. (The)","Wild-caught salmon filets, perfect for grilling or baking."
MTS Systems Corporation,"Creamy and rich vanilla ice cream, a classic dessert."
"MobileIron, Inc.",Set of roller bottles for blending and applying essential oils.
"Magna International, Inc.",7-in-1 multi-cooker for versatile cooking.
"Juniper Pharmaceuticals, Inc.","A fluffy pancake mix infused with maple and pecans, perfect for a hearty breakfast."
"FormFactor, Inc.",Non-stick baking mat for easy cooking and cleanup.
PowerShares S&P SmallCap Utilities Portfolio,Creamy ice cream with refreshing mint flavor and chocolate chips.
Puma Biotechnology Inc,Compact fire pit for campfires and gatherings.
"Fidelity National Financial, Inc.",Refreshing cranberry juice with no added sugar.
"Profire Energy, Inc.","Freshly baked French baguette, perfect for dipping."
Pengrowth Energy Corporation,Seasoning mix for making crispy and flavorful potato wedges.
MER Telemanagement Solutions Ltd.,Eco-friendly soy candles with a variety of scents.
Northwest Natural Gas Company,RFID-blocking slim wallet for cards and cash.
Packaging Corporation of America,Comfortable and reusable face masks in different styles.
Huron Consulting Group Inc.,Stainless steel travel mug with spill-proof lid.
"Yum! Brands, Inc.",Ceramic pizza stone for homemade pizzas.
Sequans Communications S.A.,"Healthy salad made with quinoa, almonds, and mixed greens, perfect for a light meal."
Medley LLC,"Organic rolled oats, great for breakfast or baking."
"Natera, Inc.",Digital scale to avoid overweight baggage fees.
"Sucampo Pharmaceuticals, Inc.",Lint roller designed specifically for removing pet hair from furniture.
"CRA International,Inc.",Plant-based sausage links with spices and herbs.
IZEA Inc.,Breathable mesh sports leggings for ultimate comfort.
AC Immune SA,Classic marinara sauce for all pasta dishes.
"Burlington Stores, Inc.",Stay dry with these stylish waterproof rain boots.
Equity Commonwealth,"Savory, protein-rich beef jerky for on-the-go snacking."
Molson Coors Brewing  Company,Eco-friendly coffee filter for brewing.
"Cypress Energy Partners, L.P.",Crunchy granola full of peanut butter flavor and oats.
Seaspan Corporation,A meal kit featuring tender chicken with honey sesame sauce.
General Motors Company,High-quality cutlery set for daily use or special occasions.
Pebblebrook Hotel Trust,Gentle grooming gloves for shedding pets.
Bank of America Corporation,High-quality voice recorder for lectures and meetings.
"Life Storage, Inc.",Indoor gardening kit with herbs and pots.
"Home BancShares, Inc.",High-density foam roller for muscle recovery.
Valley National Bancorp,A chic leather crossbody bag for everyday use.
BlueStar TA-BIGITech Israel Technology ETF,Fluffy rice cooked with coconut milk for a tropical twist.
"Caterpillar, Inc.","Seasoned and roasted to perfection, ready to eat."
"Popular, Inc.",Single-serve coffee maker with a built-in grinder.
"Appliance Recycling Centers of America, Inc.",A classic denim jacket that never goes out of style.
PartnerRe Ltd.,"Fresh, creamy avocados ideal for salads and guacamole."
"Anthem, Inc.","Tangy green salsa made with tomatillos, perfect for tacos."
Nuveen High Income November 2021 Target Term Fund,A creamy and tangy dressing perfect for salads or as a dipping sauce.
"NV5 Global, Inc.",Adjustable stand to improve ergonomics while working on a laptop.
Lexington Realty Trust,Add a pop of color with this stylish patterned knit scarf.
The Organics ETF,Complete watercolor set with paints and brushes.
"MaxLinear, Inc",Durable baking sheet coated for easy food release.
EnteroMedics Inc.,Relaxing paint kit with pre-printed canvas for painting.
"Summit Hotel Properties, Inc.",Charcoal kettle grill perfect for backyard barbecues.
"Blackrock MuniHoldings Fund II, Inc.",Space-saving colander for rinsing fruits and vegetables.
CombiMatrix Corporation,Bluetooth speakers with excellent sound quality.
iRadimed Corporation,Fluffy pancakes with buttermilk flavor.
Bel Fuse Inc.,"Soft flannel shirt with a timeless plaid pattern, perfect for layering."
Wells Fargo & Company,Professional sharpening system for kitchen knives.
"The Hanover Insurance Group, Inc.","Plain white rice, a staple for any meal."
"NN, Inc.",Professional-grade nail care set for manicures and pedicures.
Guggenheim Enhanced Equity Income Fund,"Crunchy granola with maple syrup and pecans, great for breakfast or snacking."
Western Union Company (The),A healthy vegan cheese alternative packed with nutrients and flavor.
Symantec Corporation,Refreshing sparkling water with cucumber and lime flavor.
"Kindred Biosciences, Inc.",Control home appliances remotely using your smartphone app.
RLJ Lodging Trust,Classic leather photo album for keepsakes.
Bank of America Corporation,Convenient stroller for pets to enjoy outdoor walks.
"Powell Industries, Inc.",Fairy lights perfect for decorating patios and backyards.
"AMERIPRISE FINANCIAL SERVICES, INC.",Classic wooden puzzle game for kids and adults.
"People's United Financial, Inc.",Herbal tea blend with ginger and turmeric for a soothing drink.
Wells Fargo & Company,"Crunchy granola with toasted coconut flakes, perfect for breakfast or snacks."
"Banco Santander, S.A.",A fitted ribbed knit dress that hugs your curves perfectly.
Cadence Bancorporation,Adds extra comfort to your mattress for a better night's sleep.
"Ohr Pharmaceuticals, Inc.","Healthy fruit snacks, made with real fruit."
Ally Financial Inc.,"Lean and versatile ground turkey, perfect for various dishes."
"SunTrust Banks, Inc.",Juicy and tender boneless chicken breasts.
WisdomTree Interest Rate Hedged High Yield Bond Fund,Heavy-duty bicycle lock for security.
Flushing Financial Corporation,Cordless electric screwdriver for home projects.
Ion Geophysical Corporation,Moist and flavorful muffins packed with fall spices and pumpkin puree.
Unum Group,Comfortable and warm leggings perfect for colder weather.
"LMI Aerospace, Inc.","Rich coconut milk, great for cooking and baking."
"Armstrong Flooring, Inc.",Delicious frozen pizza with a variety of toppings.
ASML Holding N.V.,Heat-sensitive mug that changes color when filled with hot liquid.
Kronos Worldwide Inc,A flavorful spread made with roasted garlic and creamy butter.
Quest Resource Holding Corporation.,Small toolkit with essentials for home repairs.
Allstate Corporation (The),Ergonomic footrest for easier pedicure treatment.
Antero Midstream Partners LP,Convenient hooks that utilize door space for hanging items.
Great Elm Capital Corp.,Eco-friendly bamboo toothbrush for sustainable living.
Bank of Hawaii Corporation,"Hearty stew made with lentils and mixed vegetables, vegan-friendly."
Murphy Oil Corporation,Set of stylish throw pillows for home decor.
"KCAP Financial, Inc.","Gluten-free almond flour, perfect for baking."
John Hancock Pfd Income Fund II,Chic slingback sandals for a relaxed summer vibe.
PowerShares Nasdaq Internet Portfolio,Healthy granola made with oats and honey.
Cemtrex Inc.,Instant ramen cups with flavor-packed broth.
The Middleby Corporation,"Soft and fresh sliced bread, perfect for sandwiches."
Western Asset Investment Grade Defined Opportunity Trust Inc.,Creamy almond butter made from roasted almonds.
Bellatrix Exploration Ltd,"Tangy feta cheese, perfect for salads and sandwiches."
"GSI Technology, Inc.",Cordless handheld vacuum for quick cleanups.
Global X Millennials Thematic ETF,Educational tablet designed for preschool-age children.
"White Mountains Insurance Group, Ltd.","Light and crispy baked chips, a healthier snack option."
Jacobs Engineering Group Inc.,Popcorn tossed with sweet or savory flavors for a tasty snack.
"John B. Sanfilippo & Son, Inc.","Sweet and salty popcorn with sea salt and caramel, a tasty treat."
PowerShares DWA Financial Momentum Portfolio,A blend of spices perfect for seasoning steak.
Hersha Hospitality Trust,Instant oatmeal cups with blueberries for an easy breakfast.
Swift Transportation Company,"Ready-to-eat avocado slices, perfect for tacos."
Eros International PLC,A blend of dried herbs commonly used in Italian cooking.
"Alliance One International, Inc.",Color-changing 3D night light for kids' rooms.
Getty Realty Corporation,A cozy long cardigan designed for layering in any season.
Verizon Communications Inc.,Color-changing smart LED bulbs compatible with Alexa.
"Reven Housing REIT, Inc.",Flavored aioli made with roasted garlic
"The Finish Line, Inc.","Flavorful lentil soup, perfect for a quick meal."
Perion Network Ltd,Golden-brown fritters made with sweet corn.
Oconee Federal Financial Corp.,"Smoothie mix combining peanut butter and banana, great for a quick breakfast."
Navistar International Corporation,Regulate water temperature for safe and comfortable showers.
Sussex Bancorp,"Grape leaves stuffed with rice and herbs, ready to eat."
"Blue Buffalo Pet Products, Inc.",Complete set of cooking utensils made from bamboo.
"Donaldson Company, Inc.",High-performance compression tights designed for optimal support and comfort.
"PhaseRx, Inc.",Moist brownie topped with sea salt and caramel drizzle.
"Lifetime Brands, Inc.","Spicy sauce made with chili peppers and garlic, great for stir-frying."
3D Systems Corporation,Add a smoky flavor to your dishes.
First Trust NASDAQ Cybersecurity ETF,USB hub for expanding ports on computers and laptops.
Alliance National Municipal Income Fund Inc,Create spiraled vegetable noodles easily for healthy meals.
"Roka Bioscience, Inc.",Airtight container to keep pet food fresh.
Companhia Brasileira de Distribuicao,"Tangy dressing perfect for salads and marinades, with sesame and ginger flavors."
"PS Business Parks, Inc.",A protein-packed pancake mix for a nutritious breakfast.
"PrivateBancorp, Inc.",Ready-to-eat chicken bowl with teriyaki sauce and rice.
Tesoro Corporation,Delicious plant-based burger made with organic black beans and spices.
Rexnord Corporation,Double-walled mug to keep your drink hot for longer.
iShares FTSE EPRA/NAREIT Europe Index Fund,Healthy pasta alternative made from chickpeas
J & J Snack Foods Corp.,"Light and crispy chips made from quinoa, ideal for dipping."
"Etsy, Inc.",Solar-powered charger for smartphones and tablets.
Varex Imaging Corporation,Mint-flavored chocolate candies for a refreshing treat.
Modine Manufacturing Company,Frozen vegan tacos filled with plant-based protein and spices.
"ASV Holdings, Inc.",Comfortable gaming headset with surround sound.
Tennessee Valley Authority,Pulled jackfruit in a smoky BBQ sauce for a tasty vegan dish.
"Synthetic Fixed-Income Securities, Inc.",Add a smoky flavor to your dishes.
"Popular, Inc.",Healthy energy bites made with oats and natural sweeteners.
Citizens & Northern Corp,Versatile puff pastry for pies and pastries.
Citigroup Inc.,"Gluten-free flour made from ground chickpeas, great for cooking."
Voya Asia Pacific High Dividend Equity Income Fund,Video baby monitor with night vision.
American Equity Investment Life Holding Company,Handy dispenser for quick access to safety pins.
Hornbeck Offshore Services,Soft and chewy cookies made with creamy peanut butter.
The GDL Fund,"Stylish leather ankle boots with a block heel, perfect for fall styling."
"ViewRay, Inc.",Everything you need to bake delicious chocolate chip cookies.
Blackrock MuniHoldings Investment Quality Fund,Set of decorative ceramic planters for indoor plants.
"Kinder Morgan, Inc.","A delightful mix of nuts, fruit, and chocolate."
AmeriServ Financial Inc.,Durable baking sheet coated for easy food release.
"WEC Energy Group, Inc.",Portable case to organize and protect jewelry on trips.
Canadian Natural Resources Limited,Complete station with supplies for kids' art projects.
"Dominion Energy, Inc.",Adjustable stand for smartphones and tablets.
Briggs & Stratton Corporation,Juicy raisins coated in rich dark chocolate.
HNI Corporation,Illuminated vanity mirror with adjustable brightness settings.
Integer Holdings Corporation,Compact and portable backpack for day trips and travel.
Microsoft Corporation,Creamy chickpea dip blended with tahini and garlic.
Capital One Financial Corporation,"A mix of wild rice with herbs and spices, ready to serve."
Nationstar Mortgage Holdings Inc.,"Crunchy granola bars made with almond butter, oats, and honey, perfect for on-the-go snacking."
Boston Omaha Corporation,Sweet and tangy honey mustard dip for snacks.
Invesco Plc,A tailored slim fit shirt for a polished look at work.
Vanguard Short-Term Inflation-Protected Securities Index Fund,Rechargeable electric wine opener for effortless uncorking.
"Earthstone Energy, Inc.",A colorful variety of crunchy veggie chips for snacking.
Drive Shack Inc.,Healthy chia pudding made with mango and coconut milk.
Infinera Corporation,"A mix of nuts roasted with spicy seasonings, perfect for snacking."
BLDRS Emerging Markets 50 ADR Index Fund,"Crispy baked radish chips, a healthy snack alternative."
Koss Corporation,"A natural sweetener made from coconut sap, a healthier alternative to sugar."
"Carriage Services, Inc.",Compact trash can for keeping your car clean.
"The Ultimate Software Group, Inc.","Stylish leather ankle boots with a block heel, perfect for fall styling."
Principal Price Setters Index ETF,Fresh pre-cut carrot and celery sticks for easy snacking.
Luxfer Holdings PLC,"Ready-to-eat tuna salad with a spicy kick, perfect for sandwiches."
"Celadon Group, Inc.",Compact yoga mat that folds for easy storage and transport.
ChipMOS TECHNOLOGIES INC.,Space-saving colander for rinsing fruits and vegetables.
Capstone Turbine Corporation,Stylish stand to hold your recipes while cooking.
National Storage Affiliates Trust,Practical organizer for keeping your home tidy and clutter-free.
"Premier, Inc.","Crispy sweet potato fries, perfectly seasoned and baked to perfection."
Mazor Robotics Ltd.,A flavorful blend of rice with tropical pineapple and coconut flavors.
Alpha and Omega Semiconductor Limited,Classic marshmallow treats made with crispy rice.
Global X SuperDividend REIT ETF,Crisp and delicious organic apples.
"Griffin Industrial Realty, Inc.","A blend of assorted nuts, perfect for snacking or adding to recipes."
"Entergy Louisiana, Inc.",Custom keychain with engraved text.
Nucor Corporation,Whole grain oats that are perfect for breakfast or baking.
Synovus Financial Corp.,"Fluffy couscous that cooks in just minutes, perfect as a side."
Select Income REIT,Luxurious satin slip dress for an elegant evening look.
"ABIOMED, Inc.",Classic fit blue jeans with a slight stretch for comfort and durability.
"Aerohive Networks, Inc.","Quick-cooking couscous, great as a side or base."
PowerShares DWA Momentum & Low Volatility Rotation Portfolio,"A lightweight tank dress, ideal for warm weather outings."
"Cancer Genetics, Inc.",Professional-grade nail care set for manicures and pedicures.
Monmouth Real Estate Investment Corporation,Fresh organic cucumber perfect for salads or snacking.
"Beazer Homes USA, Inc.",Lint roller designed specifically for removing pet hair from furniture.
"AMAG Pharmaceuticals, Inc.",All-in-one kit for making pasta salad easily.
First Trust Nasdaq Oil & Gas ETF,Stylish bookends to keep books organized on shelves.
Genie Energy Ltd.,"Pasta tossed with fresh basil pesto, simple and delicious."
TravelCenters of America LLC,Non-stick and heat-resistant utensils for cooking.
"MYR Group, Inc.","Trendy high-low tee with a relaxed fit, ideal for weekends."
First Trust Nasdaq Pharmaceuticals ETF,"Tangy green salsa made with tomatillos, perfect for tacos."
"Cass Information Systems, Inc",Nutritious energy bars packed with chocolate chips.
"AvalonBay Communities, Inc.","A refreshing drink mix that combines sweet raspberries and tart lemons, perfect for summer."
Primoris Services Corporation,Lightweight tripod designed for smartphone photography.
"KCG Holdings, Inc.",Cold pasta salad tossed with pesto and fresh vegetables.
Boulevard Acquisition Corp. II,Compact campfire for grilling and warmth during camping trips.
First Financial Corporation Indiana,Fresh salsa made with pineapple and spices
MiX Telematics Limited,"Creamy risotto made with mushrooms and herbs, perfect as a side dish or main course."
Synovus Financial Corp.,Salty pretzels filled with creamy peanut butter.
"j2 Global, Inc.",BPA-free sports bottle with flip-top lid.
"Owens & Minor, Inc.",Rich and sweet paprika spice for seasoning.
"Gabelli Convertible and Income Securities Fund, Inc. (The)","Quick oatmeal cups with banana and nut flavor, great for breakfast."
Ita? CorpBanca,Frozen chicken wings with garlic parmesan sauce.
"Floor & Decor Holdings, Inc.",Wax warmer for creating a soothing atmosphere with fragrances.
Bank Of Montreal,Juicy raisins coated in rich dark chocolate.
"Williams Companies, Inc. (The)",Crunchy granola clusters mixed with nuts and honey.
Attunity Ltd.,Perfectly balanced sweet and tangy BBQ sauce for dipping or grilling.
Esterline Technologies Corporation,"Crunchy peanuts coated in honey, perfect for snacking."
L.B. Foster Company,Suction cup bird feeder for close-up bird watching.
M B T Financial Corp,"Essential cotton tank top, perfect for layering."
Alphabet Inc.,A sweet and spicy sauce for dipping or glazing.
"Ecology and Environment, Inc.",3D model puzzle kit for creative builders.
"Apollo Global Management, LLC",Effective laundry detergent for a deep clean.
Radian Group Inc.,Portable car vacuum cleaner with strong suction.
"Eleven Biotherapeutics, Inc.",Multi-functional gloves for planting and digging without tools.
"A-Mark Precious Metals, Inc.",Tangy vinaigrette with orange and ginger flavors.
Diageo plc,"Freshly baked bagels, perfect for breakfast or snacks."
"QuinStreet, Inc.",Cozy faux fur blanket to add warmth and style to your home.
Star Bulk Carriers Corp.,Spicy and tangy chili sauce for adding heat to any dish.
Electrum Special Acquisition Corporation,Comfortable gaming headset with surround sound.
"Conifer Holdings, Inc.","Creamy cheese with a spicy kick, perfect for sandwiches."
"Illumina, Inc.",Easy-to-make pancake mix with pumpkin spice flavor.
CoreSite Realty Corporation,"Fragrant jasmine rice, perfect as a side dish."
Oil-Dri Corporation Of America,Multi-port USB-C hub for connecting devices.
WisdomTree Emerging Markets Consumer Growth Fund,"Delicious vegetable dumplings, perfect for steaming or frying."
Cosan Limited,Comfortable slide sandals for lounging by the pool.
Sanchez Energy Corporation,Energy-efficient lights that charge during the day and illuminate at night.
Immune Pharmaceuticals Inc.,"Eye-catching mini dress with sequins, ideal for party nights out."
Scudder Municiple Income Trust,"Wide egg noodles, perfect for casseroles and soups."
STRATS Trust,"Creamy cottage cheese, perfect for healthy snacking."
American Superconductor Corporation,A ready-to-eat salad made with chickpeas and veggies.
Annaly Capital Management Inc,"Sliced black olives, perfect for salads and pizzas."
Dana Incorporated,Bluetooth scale that tracks body composition through an app.
Federal Agricultural Mortgage Corporation,A blend of herbs and garlic for seasoning meats and vegetables.
Coty Inc.,Non-stick surface for easy cooking and cleaning.
"RE/MAX Holdings, Inc.","Versatile air fryer that also roasts, bakes, and broils."
STAAR Surgical Company,"Fresh Brussels sprouts, great for roasting or steaming."
"BankUnited, Inc.",A feminine wrap top with a beautiful floral print.
BancFirst Corporation,STEM-based kit for kids featuring cool science experiments.
Annaly Capital Management Inc,Pure maple syrup for pancakes and more.
ProQR Therapeutics N.V.,Compact waffle maker for perfect small waffles.
"OraSure Technologies, Inc.",Durable ceramic bakeware for casseroles and desserts.
"Radius Health, Inc.",Learning tablet with kid-friendly educational apps.
"Monogram Residential Trust, Inc.","Stylish leather ankle boots with a block heel, perfect for fall styling."
Capitala Finance Corp.,Comfortable and breathable backpack for carrying small pets.
"Taubman Centers, Inc.",Water bottle that tracks your hydration levels.
R1 RCM Inc.,Durable and adjustable jump box for effective workouts.
Barclays PLC,Space-saving adjustable dumbbells for strength training.
Petroleo Brasileiro S.A.- Petrobras,"Gluten-free almond flour, perfect for baking."
"Aeglea BioTherapeutics, Inc.",Extra layer of comfort for your mattress.
"Harte-Hanks, Inc.",Space-saving shoe organizer for tight spaces.
"Pernix Therapeutics Holdings, Inc.","Lightly salted frozen edamame, a protein-packed snack."
NGL ENERGY PARTNERS LP,Water-resistant blanket for picnics and outdoor events.
"SCYNEXIS, Inc.","Sweet peach halves packed in juice, great for desserts."
"BioCryst Pharmaceuticals, Inc.",Seal food and maintain freshness longer.
iShares MSCI Qatar Capped ETF,Stream HD video wirelessly from devices to TV.
BiondVax Pharmaceuticals Ltd.,"Creamy cheddar cheese slices, perfect for sandwiches and snacks."
"Cogint, Inc.",Complete meal kit with everything needed to make beef stroganoff in under 30 minutes.
"Cotiviti Holdings, Inc.","Authentic Italian pasta, perfect for a classic meal."
"Titan International, Inc.",Compact blender for quick smoothies and shakes.
Dean Foods Company,Smart speaker with Alexa and music streaming features.
"Cohen & Steers Infrastructure Fund, Inc",Adjustable tripod with remote shutter for smartphones.
Repligen Corporation,Light and breezy dress perfect for summer outings with a vibrant floral pattern.
"Pretium Resources, Inc.",UV light sanitizer for phones and small items.
"Dermira, Inc.",A warm knitted scarf to keep you cozy in winter.
Southern California Edison Company,Healthy granola made with oats and honey.
ClearBridge Energy MLP Total Return Fund Inc.,Chocolate coconut protein bars inspired by the classic candy bar.
ORBCOMM Inc.,"Wild-caught tuna in olive oil, perfect for salads."
Clifton Bancorp Inc.,"Savory hash made with sweet potatoes and kale, a perfect side dish."
Pacific Continental Corporation (Ore),Plant-based sausage links with spices and herbs.
"Xenia Hotels & Resorts, Inc.","Crispy and juicy chicken tenders, perfect for dipping."
Capitol Acquisition Corp. III,Compact air conditioner for personal cooling.
"Aratana Therapeutics, Inc.",Waterproof camera for capturing underwater adventures.
"LogMein, Inc.",Large wall planner for organizing schedules.
MiX Telematics Limited,"Raw brown sugar, perfect for baking or sweetening drinks."
"Mitek Systems, Inc.",Complete fondue set for chocolate and cheese parties.
Charter Financial Corp.,High-frequency whistle for training your dog effectively.
"Vital Therapies, Inc.",Durable jump rope with built-in counter for workouts.
Ideal Power Inc.,A blend of mixed nuts for snacking.
"Royal Bancshares of Pennsylvania, Inc.",Quick-boiling kettle for home and office use.
"Gray Television, Inc.",Essential kit for taking care of your pets' health emergencies.
"Home Bancorp, Inc.","Tangy goat cheese infused with herbs, perfect for snacking."
TCF Financial Corporation,Finely ground flour from dried coconut meat.
"NextEra Energy Partners, LP",Heavy-duty scissors for crafting and office use.
"Cara Therapeutics, Inc.",Creamy risotto infused with wild mushrooms.
"MedEquities Realty Trust, Inc.",Corn on the cob seasoned with chili and lime for a spicy kick.
"Synergy Pharmaceuticals, Inc.","Creamy mashed sweet potatoes, ready to heat and serve."
UNIVERSAL INSURANCE HOLDINGS INC,A cozy cable knit beanie to keep your head warm in winter.
Atlas Air Worldwide Holdings,Freshly baked artisan bread with a crisp crust and soft center.
PartnerRe Ltd.,Notepad made from recycled paper for sustainable note-taking.
Bright Horizons Family Solutions Inc.,Marinated chicken skewers infused with traditional tandoori spices.
Double Eagle Acquisition Corp.,Wi-Fi-enabled digital frame for displaying photos.
"Verifone Systems, Inc.",Stylish fruit basket for kitchen or dining room.
First Busey Corporation,Fun light that creates a disco atmosphere for parties.
"Mexico Fund, Inc. (The)","Nutritious blend of wild rice and quinoa, perfect as a side dish."
"Westbury Bancorp, Inc.",Fun robot that engages kids with games and activities.
FactSet Research Systems Inc.,Accurate stopwatch for timing events and workouts.
"Socket Mobile, Inc.",Hearty chili made with premium ground beef and kidney beans.
"Columbia Property Trust, Inc.",Supportive yoga wheel for deep stretching and balance.
Pinnacle West Capital Corporation,Nutty granola bars for healthy snacking.
AK Steel Holding Corporation,"Flavorful mustard with a tangy kick, perfect for hot dogs and sandwiches."
W.R. Berkley Corporation,Rugged phone case for drop protection.
The Blackstone Group L.P.,Color-changing smart LED bulbs compatible with Alexa.
ROBO Global Robotics and Automation Index ETF,Adjustable dog collar with personalized tags.
"Tallgrass Energy GP, LP",Precision cooker for perfect sous vide cooking.
"Mid-America Apartment Communities, Inc.",Sweet and tangy jam made from natural apricots.
"Safe Bulkers, Inc",Waterproof picnic blanket for outdoor fun.
Medtronic plc,Create spiraled vegetable noodles easily for healthy meals.
CSI Compressco LP,"Sustainable tank top made of bamboo cotton, offering breathability and comfort."
CPFL Energia S.A.,Comfortable slim fit chinos for a polished look.
"SharpSpring, Inc.","A fluffy pancake mix infused with maple and pecans, perfect for a hearty breakfast."
"Royce Value Trust, Inc.",A rich pesto made with sun-dried tomatoes and pine nuts.
Nuvectra Corporation,Heavy-duty grill pan for indoor grilling.
Teekay LNG Partners L.P.,"A hearty salad with lentils, veggies, and curry dressing."
Capstead Mortgage Corporation,"Quick oatmeal cups with banana and nut flavor, great for breakfast."
"First Community Bancshares, Inc.",Variety pack of craft supplies for kids' projects.
Eagle Point Credit Company Inc.,Ready-to-drink shots made with fresh ginger and turmeric.
Bunge Limited,Set for making fondue at home.
First Trust Energy Infrastructure Fund,Ergonomically designed pillow with breathable bamboo cover.
"Exponent, Inc.","Juicy pork tenderloin, great for roasting."
Eros International PLC,"Water-resistant jacket ideal for outdoor activities, featuring a packable design."
CyberArk Software Ltd.,"Wild-caught tuna in olive oil, perfect for salads."
"Pier 1 Imports, Inc.","Fresh zucchini, versatile for grilling or sautéing."
Griffon Corporation,Prevent water damage with drip trays for potted plants.
Six Flags Entertainment Corporation New,A fashion-forward bomber jacket to elevate your casual looks.
"BlackRock, Inc.",Adjustable shelving unit for home or garage storage.
Hubbell Inc,Insulated water bottle for keeping drinks cold.
PennyMac Mortgage Investment Trust,"Healthy whole grain cereal, great for breakfast."
United Community Bancorp,Set of reusable stainless steel straws for drinks.
Liberty Global plc,Creamy Greek yogurt infused with raspberry and vanilla flavors.
"Charter Communications, Inc.",A healthy mix of assorted dried fruits and nuts for snacking.
Zions Bancorporation,A sweet and tangy vinaigrette dressing for salads.
"First Industrial Realty Trust, Inc.",Lightweight backpack with an insulated water reservoir for hydration on the go.
"Spark Therapeutics, Inc.",Non-stick baking mat for easy cooking and cleanup.
"Cadence Design Systems, Inc.",Rich and creamy chocolate fudge ice cream for dessert.
Midatech Pharma PLC,Rechargeable hand warmer for cold weather comfort.
The Intergroup Corporation,Spice blend for creating flavorful vegan taco filling.
"NTT DOCOMO, Inc",Comprehensive emergency kit for roadside assistance.
BLDRS Asia 50 ADR Index Fund,Creamy honey mustard sauce for dipping or dressing.
"Warrior Met Coal, Inc.",Wi-Fi enabled plug for controlling devices from your smartphone.
Mercury Systems Inc,Comfortable harness designed to keep pets safe in the car.
Sanofi,Fresh organic blueberries perfect for snacking or baking.
"MINDBODY, Inc.","Crunchy pretzels coated in rich chocolate, a sweet treat."
"Reliv' International, Inc.",Custom keychain with engraved text.
VanEck Vectors Pharmaceutical ETF,"Thin rice noodles, ideal for stir-fries and soups."
New Home Company Inc. (The),"Flavorful mustard with a tangy kick, perfect for hot dogs and sandwiches."
Enduro Royalty Trust,"Fluffy quinoa mixed with lemon zest and herbs, a perfect side."
Wabash National Corporation,"Spicy sauce made with chili peppers and garlic, great for stir-frying."
Washington Prime Group Inc.,Fine granulated sugar for all your baking needs.
"Community Health Systems, Inc.",Rich sauce for desserts and ice cream.
Triangle Capital Corporation,"Protein-rich quinoa, a great alternative to rice."
Nuveen Tax-Advantaged Dividend Growth Fund,Frozen smoothie mix with bananas and peanut butter for a quick drink.
Inseego Corp.,Set of two yoga blocks for increased stability and support.
"Host Hotels & Resorts, Inc.",Set of magnetic jars for convenient spice organization.
Atomera Incorporated,"Creamy yogurt made from almond milk, vegan-friendly."
"AnaptysBio, Inc.",Protective goggles for DIY and construction work.
"Kite Pharma, Inc.",Versatile multi-cooker for pressure cooking and slow cooking.
"MINDBODY, Inc.",Create spiraled vegetable noodles easily for healthy meals.
"Banco Latinoamericano de Comercio Exterior, S.A.",Crispy apple chips drizzled with caramel for a sweet treat.
ClearBridge American Energy MLP Fund Inc.,Durable and adjustable jump box for effective workouts.
Morgan Stanley,Flavorful sauce perfect for stir-frying vegetables and tofu.
Nuveen Pennsylvania Quality Municipal Income Fund,Eco-friendly meal prep containers for healthy eating.
"GWG Holdings, Inc",Comfortable mouse pad designed to reduce wrist strain.
Xunlei Limited,Savory soup made with leeks and potatoes.
"Senomyx, Inc.",Soft silicone earbud covers for comfort and fit.
Mack-Cali Realty Corporation,"Fudgy brownie bites, perfect for sharing or snacking."
QAD Inc.,Adjustable lamp with multiple brightness levels and colors.
Pendrell Corporation,"Creamy yogurt with probiotics, available in various flavors."
Jensyn Acquistion Corp.,Burr coffee grinder for fresh ground coffee.
Eaton Vance Municipal Income Trust,"Delicious and fully cooked sliced ham, ready to eat."
magicJack VocalTec Ltd,"Chickpeas mixed with fresh vegetables and herbs, a nutritious snack or salad."
"Super Micro Computer, Inc.","Savory pizza rolls filled with pepperoni and cheese, ready to bake and enjoy in minutes."
Domino's Pizza Inc,"Frozen berries blend perfect for smoothies, just add yogurt."
Capital One Financial Corporation,"Sweet and fruity peach preserves, perfect for spreading on toast."
IBERIABANK Corporation,A fashion-forward bomber jacket to elevate your casual looks.
"support.com, Inc.",Spicy salsa made with fresh ingredients.
Federal Agricultural Mortgage Corporation,Abstract canvas print to enhance home decor.
"ARI Network Services, Inc.","Salmon fillets seasoned with lemon and dill, perfect for grilling."
LSI Industries Inc.,Fluffy biscuits made without gluten
"Golub Capital BDC, Inc.","Fresh fruit salad, ready to eat and refreshing."
Modine Manufacturing Company,"Frozen chicken bites coated in a honey sriracha glaze, spicy and sweet."
"Guidewire Software, Inc.",Bluetooth scale that tracks body composition through an app.
"Leggett & Platt, Incorporated",Versatile folding table great for events or outdoor activities.
Barington/Hilco Acquisition Corp.,"Tangy feta cheese, perfect for salads and sandwiches."
"Delcath Systems, Inc.","Wide egg noodles, perfect for casseroles and soups."
NASDAQ TEST STOCK,All ingredients included for delicious chicken fajitas.
BHP Billiton Limited,Luxurious satin slip dress for an elegant evening look.
"Carrols Restaurant Group, Inc.",Delicious veggie burgers loaded with grilled vegetables.
"Summit Hotel Properties, Inc.","Fresh basil pesto, perfect for pasta or as a sandwich spread."
Xinyuan Real Estate Co Ltd,Decadent tart made with rich dark chocolate.
Bank of N.T. Butterfield & Son Limited (The),Soft comforter set for a cozy bedroom look.
"Socket Mobile, Inc.","Hearty beef chili, ready to heat and eat."
"Commerce Bancshares, Inc.",Electric foot massager for relaxation and relief.
SLM Corporation,Stylish markers for labeling your indoor garden plants.
Bank of Nova Scotia (The),Personalized calendar with your favorite photos.
"SandRidge Energy, Inc.",Programmable digital thermostat for home heating.
Benitec Biopharma Limited,All-in-one kit for making delicious chicken salad.
"One Horizon Group, Inc.",Durable boots designed for outdoor hiking and activities.
Norwegian Cruise Line Holdings Ltd.,"Rich coconut milk, great for cooking and baking."
Encore Capital Group Inc,Secure phone mount that wirelessly charges your device while driving.
Deutsche Bank AG,Creamy tahini made from ground sesame seeds.
Campbell Soup Company,"Fluffy couscous seasoned with a blend of herbs, perfect as a side dish."
Capital One Financial Corporation,"Frozen pizza rolls filled with vegetables and cheese, perfect for snacks."
Compass Diversified Holdings,Ready-to-eat chicken bowl with teriyaki sauce and rice.
National General Holdings Corp,"Tender jackfruit cooked in BBQ sauce, a delicious plant-based alternative."
Forum Merger Corporation,Lentils cooked in a coconut curry for a hearty meal.
Vornado Realty Trust,Soft cotton pajama set for cozy nights in.
Heska Corporation,Stylish smartwatch with fitness tracking and notifications.
Brookfield Infrastructure Partners LP,Comfortable support brace to relieve wrist pain.
Yintech Investment Holdings Limited,"Sweet and gooey cinnamon rolls, ready to bake."
"Team, Inc.",Vertical shoe rack for saving closet space.
CRH PLC,Savory wraps with buffalo chicken and fresh vegetables.
"Colony NorthStar, Inc.",Savory popcorn flavored with maple syrup and bacon bits.
"CST Brands, Inc.",Non-stick and heat-resistant utensils for cooking.
Centrais Electricas Brasileiras S.A.- Eletrobras,Beautiful wall calendar for organizing your schedule.
Center Coast MLP & Infrastructure Fund,"A light and tangy dressing with poppy seeds, perfect for salads."
Regal Beloit Corporation,Lightweight hammock for easy setup anywhere.
Crawford & Company,Crispy cheese snacks that melt in your mouth.
"BofI Holding, Inc.",Comfortable carrier for small pets during travel.
"Miller Industries, Inc.",A creamy and tangy dressing perfect for salads or as a dipping sauce.
UNITIL Corporation,Sweet mixture of cinnamon and sugar for sprinkling.
"Ply Gem Holdings, Inc.","High-protein pasta made from black beans, gluten-free."
First Trust Nasdaq Semiconductor ETF,"Deliciously creamy almond milk, perfect for smoothies."
W.R. Berkley Corporation,Rechargeable electric razor for a smooth shave.
"Ingles Markets, Incorporated",Nutty granola bars for healthy snacking.
Quotient Technology Inc.,Blender for smoothies with a portable cup.
"Office Depot, Inc.",Chewy bars made with peanut butter and chocolate chips.
First Trust Emerging Markets Local Currency Bond ETF,Silicone oven mitts designed for safe cooking and baking.
"Forum Energy Technologies, Inc.",A comforting soup filled with chicken and noodles in broth.
"Groupon, Inc.",Ergonomic desk that adjusts height for standing or sitting.
Weyerhaeuser Company,"Rich in selenium, perfect for snacking or baking."
Xerox Corporation,Creamy yogurt made with coconut milk
Seaspan Corporation,Sharp tailored blazer perfect for office wear and professional events.
Unilever NV,Automatically cooks eggs to your desired level.
"Salem Media Group, Inc.",Comfortable pillow with built-in massage features.
NXT-ID Inc.,1080p wireless security camera with night vision.
Hunter Maritime Acquisition Corp.,Instant oatmeal flavored with cranberries and orange zest for breakfast.
"Novavax, Inc.","Organic rolled oats, great for breakfast or baking."
Allegheny Technologies Incorporated,"Sweet and savory carrots glazed in honey, perfect as a side dish."
"Xenia Hotels & Resorts, Inc.",Multi-port USB-C hub for connecting devices.
"Tower International, Inc.",Soft silicone earbud covers for comfort and fit.
"Northfield Bancorp, Inc.",Stackable containers for organizing snacks and treats.
"Internationa Flavors & Fragrances, Inc.",Breathable tank top perfect for workouts or casual wear.
BlackRock Long-Term Municipal Advantage Trust,A high-quality protein powder perfect for smoothies and baking.
Range Resources Corporation,"Bell peppers stuffed with rice, beans, and spices, ready to bake."
Seadrill Limited,Delicious pie filled with coconut cream and topped with whipped cream.
"PRA Group, Inc.",Crunchy granola with almonds and coconut.
"Minerva Neurosciences, Inc",Electric food steamer for healthy cooking.
ProShares UltraShort Nasdaq Biotechnology,"A comfortable henley shirt made of soft cotton, perfect for casual outings."
Liberty Global plc,"Sweet and crisp apples, perfect for snacking."
Netshoes (Cayman) Limited,Challenging and fun puzzle game for all ages.
"Ocera Therapeutics, Inc.",Supportive pillow that provides comfort while traveling.
First Trust Strategic High Income Fund II,"Farm fresh eggs, essential for breakfast."
Conyers Park Acquisition Corp.,"Fluffy quinoa mixed with lemon zest and herbs, a perfect side."
BLDRS Europe 100 ADR Index Fund,Automatic waterer that filters and provides fresh drinking water for pets.
Xinyuan Real Estate Co Ltd,A pre-packaged salad kit with noodles and Asian-style dressing.
Alliance California Municipal Income Fund Inc,Spicy and tangy chili sauce for adding heat to any dish.
magicJack VocalTec Ltd,Comfortable and adjustable harness for dogs.
Public Storage,Classic leather photo album for keepsakes.
"DigitalGlobe, Inc",Crunchy granola with pumpkin spice flavor.
State Street Corporation,"Natural pink salt, perfect for seasoning."
Blackrock Enhanced Equity Dividend Trust,Convenient hooks that utilize door space for hanging items.
"Threshold Pharmaceuticals, Inc.",High-quality sketchbook for artists.
Matlin & Partners Acquisition Corporation,"Rich and creamy tomato basil soup, perfect with a grilled cheese."
"Cracker Barrel Old Country Store, Inc.","Rich coconut milk, great for cooking and baking."
TD Ameritrade Holding Corporation,Lightweight and portable swing hammock for relaxing outdoors.
"Wheeler Real Estate Investment Trust, Inc.",Classic wooden puzzle game for kids and adults.
"Cutera, Inc.",Colorful building blocks for creative play.
Tesco Corporation,Frozen mango chunks for smoothies or snacking.
Tesoro Corporation,Lightweight windbreaker for outdoor activities.
Eaton Vance Enhanced Equity Income Fund II,Lightweight and breathable running shorts for your workouts.
"CBRE Group, Inc.","Spicy black bean burgers, great on the grill."
Pentair plc.,Low-carb vegetable for pasta alternatives.
"Marchex, Inc.",High-density foam roller for muscle recovery.
Gol Linhas Aereas Inteligentes S.A.,Yoga socks designed to provide better grip and stability.
"U.S. Physical Therapy, Inc.",Adjustable shower head for a luxurious shower experience.
DTE Energy Company,Rich and creamy Caesar dressing for salads and wraps.
CBO (Listing Market - NYSE - Networks A/E),Floating lounger for relaxation in swimming pools or lakes.
Discover Financial Services,Extra layer of comfort for your mattress.
"Pinnacle Entertainment, Inc.",Easy mix for making spicy beef tacos.
Shinhan Financial Group Co Ltd,A comforting soup filled with chicken and noodles in broth.
Microsoft Corporation,Creamy almond butter made from roasted almonds.
"Reata Pharmaceuticals, Inc.",Fresh walnut halves for baking or snacking.
Nuveen Dow 30SM Dynamic Overwrite Fund,Durable lunch box designed to keep food fresh and cool.
"Investors Bancorp, Inc.",Clear feeder that attaches to windows for bird watching.
"Sientra, Inc.",Marinated chicken thighs with smoked paprika for a smoky flavor.
NXT-ID Inc.,"Crunchy granola made with oats, almonds, and coconut flakes."
Nuveen Arizona Quality Municipal Income Fund,Delicious cookies made with almond flour for a gluten-free treat.
"Voyager Therapeutics, Inc.",Soft comforter set for a cozy bedroom look.
"Speedway Motorsports, Inc.",Portable desk that can be adjusted for sitting or standing.
Quorum Health Corporation,Custom keychain with engraved text.
Macquarie Global Infrastructure Total Return Fund Inc.,Fresh greens and veggies for a quick Asian-inspired salad.
"Silicon Laboratories, Inc.","A sweet and spicy salsa made with mangoes and a hint of chili, great with chips or grilled chicken."
Invesco Municipal Income Opportunities Trust,Easy-to-install lights to brighten kitchen cabinets and workspaces.
Tronox Limited,"Healthy salad made with chickpeas, vegetables, and a lemon dressing."
Forum Merger Corporation,Organize your board games with this storage bin.
Infosys Limited,A refreshing blend of peaches and mangoes for a delicious smoothie.
"Assembly Biosciences, Inc.",Convenient carrier for transporting yoga mat.
"Kadmon Holdings, Inc.","Large, durable tote bag for shopping and outdoor activities."
"Apollo Global Management, LLC",Eco-friendly solar lights for pathways and gardens.
Stewart Information Services Corporation,Compact air conditioner for personal cooling.
"Oclaro, Inc.",A flavorful blend of Italian sausage with sautéed peppers and onions.
"Transcat, Inc.",Durable toy designed for heavy chewers.
Great Elm Capital Corp.,Stabilizer for smooth video recording with smartphones.
FirstService Corporation,A flavorful sauce made with coconut milk and spices.
CHS Inc,Floating lounger for relaxation in swimming pools or lakes.
"Interface, Inc.",Canned beans cooked in a savory chili sauce
RXi Pharmaceuticals Corporation,Handy keychain that emits a loud alarm for personal safety.
"Mexico Equity and Income Fund, Inc. (The)",Convenient stroller for pets to enjoy outdoor walks.
"China Ceramics Co., Ltd.",Compact yoga mat that folds for easy storage and transport.
Marriot Vacations Worldwide Corporation,Easy-to-set-up picnic table for outdoor dining.
Unifirst Corporation,"Firm tofu, a great plant-based protein option."
Stewart Information Services Corporation,"A complete meal kit containing breaded chicken breast, marinara sauce, and pasta, perfect for a quick dinner."
Grupo Supervielle S.A.,A rich curry paste for making authentic Thai green curry at home.
Sapiens International Corporation N.V.,Rapid boil electric kettle with temperature control.
Thomson Reuters Corp,Easy-to-install lights to brighten kitchen cabinets and workspaces.
"Swiss Helvetia Fund, Inc. (The)","Freshly baked whole wheat bread, rich in fiber."
State Street Corporation,All-in-one kit for making pasta salad easily.
Hanesbrands Inc.,"A mix of fresh raspberries, blueberries, and blackberries."
Arlington Asset Investment Corp,Double-sided art easel for painting and drawing.
ArcBest Corporation,A flavorful sauce made with coconut milk and spices.
Bank of Hawaii Corporation,Comfortable camping mattress that inflates automatically.
Qwest Corporation,"Sweet peach halves packed in juice, great for desserts."
VWR Corporation,Creamy pumpkin soup with spices
"Avid Technology, Inc.","A zesty salad with black beans, corn, and chipotle dressing."
"Sonic Automotive, Inc.",Fun lunchbox for kids with a sturdy design.
DTE Energy Company,"Assorted herbal teas, perfect for a warm and relaxing drink."
"Steel Dynamics, Inc.","A nutrient-packed salad mix with kale, quinoa, and a lemon vinaigrette, ready to eat."
"Pandora Media, Inc.",Spicy and smoky sausage great for grilling.
"Stratasys, Ltd.",Battery-operated motion sensor light for safety.
"Gulf Resources, Inc.",Warmer for heating baby bottles and food jars.
Nuveen Municipal High Income Opportunity Fund,Tangy salsa made from tomatillos and peppers.
"GTY Technology Holdings, Inc.","All-in-one meal kit including pasta, meatballs, and sauce for a quick dinner."
"Lawson Products, Inc.","Sweet peach halves packed in juice, great for desserts."
J P Morgan Chase & Co,Cozy cable knit cardigan to layer during chilly evenings.
"Guidance Software, Inc.","Complete kit with crayons, markers, and paper for young artists."
VOC Energy Trust,Stabilizer for smooth video recording with smartphones.
Pacific Drilling S.A.,"Fresh basil pesto, perfect for pasta or as a sandwich spread."
"Cidara Therapeutics, Inc.","Sweet peach halves packed in juice, great for desserts."
Anadarko Petroleum Corporation,Complete set of gardening tools for all your needs.
Morgan Stanley,Soft silicone earbud covers for comfort and fit.
PowerShares International BuyBack Achievers Portfolio,1080p wireless security camera with night vision.
"Auburn National Bancorporation, Inc.",A cozy cable knit beanie to keep your head warm in winter.
"BioCryst Pharmaceuticals, Inc.",Instant mix for delicious pumpkin spice lattes at home.
MFS Multimarket Income Trust,Moist and flavorful muffins packed with fall spices and pumpkin puree.
Greif Bros. Corporation,"A comfortable crew neck sweater, great for all seasons."
Heritage Commerce Corp,Automatic water fountain for pets with filtration.
Pentair plc.,Beautiful wall calendar for organizing your schedule.
Sealed Air Corporation,3-inch memory foam mattress topper for added comfort.
"SilverBow Resorces, Inc.","Smoothie mix combining peanut butter and banana, great for a quick breakfast."
Banco De Chile,"Canned chickpeas, perfect for hummus or salads."
iSectors Post-MPT Growth ETF,A flavorful barbecue sauce with a sweet and spicy kick.
Resource Capital Corp.,"Savory, protein-rich beef jerky for on-the-go snacking."
"MasTec, Inc.",Fine granulated sugar for all your baking needs.
Cohen & Steers Reit and Preferred Income Fund Inc,"Juicy chicken breast stuffed with spinach and feta cheese, seasoned to perfection."
NewLink Genetics Corporation,Portable chess set with magnetic pieces for travel.
Cushing Renaissance Fund (The),RFID-blocking slim wallet for cards and cash.
"SilverBow Resorces, Inc.","Frozen cauliflower bites coated in spicy buffalo sauce, ready to bake and enjoy as an appetizer."
"Fred's, Inc.",Silicone oven mitts designed for safe cooking and baking.
"Clovis Oncology, Inc.","Classic A-line skirt that flatters every figure, perfect for work or play."
Balchem Corporation,"Crunchy and nutritious almonds, perfect for snacking."
"BankUnited, Inc.",Ceramic pizza stone for homemade pizzas.
"Synchronoss Technologies, Inc.","A zesty salsa made from ripe avocados, tomatoes, onions, and jalapeños, great for dipping or topping."
"Nike, Inc.","A delightful mix of nuts, fruit, and chocolate."
Analogic Corporation,Compact digital camera with 20MP resolution.
"Cadence Design Systems, Inc.",A high-quality protein powder perfect for smoothies and baking.
"Darden Restaurants, Inc.","Smooth and creamy, ideal for spreads or baking."
Lehman ABS Corporation,Rich and creamy milk perfect for baking or desserts.
"Air T, Inc.","Thin and crispy flatbreads, perfect for dips."
Barrick Gold Corporation,"Lightly salted frozen edamame, a protein-packed snack."
"Esperion Therapeutics, Inc.",Spicy buffalo sauce ideal for wings or dipping.
Valley National Bancorp,Gentle glove for brushing and massaging your pet.
First Trust Nasdaq Pharmaceuticals ETF,Heavy-duty grill pan for indoor grilling.
"Colony NorthStar, Inc.",Stylish baskets for organizing various items in your home.
Hunter Maritime Acquisition Corp.,Set of stylish throw pillows for home decor.
Navios Maritime Acquisition Corporation,Satisfy your sweet tooth with these dark chocolate-covered raisins.
"Safeguard Scientifics, Inc.",Convenient belt with pockets for easy access to tools while gardening.
"Bridge Bancorp, Inc.",Tidy storage solution for rechargeable batteries.
"Teradyne, Inc.",Crunchy granola mixed with coconut flakes.
"A10 Networks, Inc.",Stainless steel travel mug with spill-proof lid.
Pioneer Municipal High Income Advantage Trust,Heavy-duty grill pan for indoor grilling.
"Shineco, Inc.",Digital scale for precise cooking measurements.
"RCI Hospitality Holdings, Inc.",Delicious frozen pizza with a variety of toppings.
The Goodyear Tire & Rubber Company,"Moist, fluffy muffins packed with bananas and walnuts for a delightful breakfast or snack."
"Civitas Solutions, Inc.",Hands-free waist pack for carrying essentials while walking your dog.
BP p.l.c.,Instant oatmeal cups with blueberries for an easy breakfast.
"ViewRay, Inc.",Lint roller designed specifically for removing pet hair from furniture.
"Ameresco, Inc.","Crunchy granola clusters, perfect for snacking or topping yogurt."
Deutsch Bk Contingent Cap Tr V,Rugged phone case for drop protection.
"The Ultimate Software Group, Inc.",DIY LED strip lights with remote control.
Quidel Corporation,Luxurious satin slip dress for an elegant evening look.
Kornit Digital Ltd.,A seasoning blend of garlic and herbs to enhance any dish.
Seanergy Maritime Holdings Corp,Elegant classic pumps that add sophistication to any outfit.
Pattern Energy Group Inc.,Convenient charging pad for wireless charging in vehicles.
MRC Global Inc.,Savory sauce perfect for pasta or dipping.
PowerShares LadderRite 0-5 Year Corporate Bond Portfolio,Space-saving cup that folds flat for easy storage.
Check-Cap Ltd.,Durable speaker designed for outdoor use with water resistance.
CombiMatrix Corporation,Fun gardening tools designed specifically for kids.
Invesco Plc,"Layered Greek yogurt with granola and mixed berries, ready to enjoy."
"Patterson-UTI Energy, Inc.",Complete kit for growing herbs indoors.
"Customers Bancorp, Inc",Breathable tank top perfect for workouts or casual wear.
Nevro Corp.,Supportive pillow designed for a good night's sleep.
"Q2 Holdings, Inc.",Precision cooker for perfect sous vide cooking.
Western Asset Emerging Markets Debt Fund Inc,Rapid boil electric kettle with temperature control.
Tennant Company,Durable ceramic bakeware for casseroles and desserts.
IBERIABANK Corporation,Rich vegetable broth for soups and stews.
"NCI Building Systems, Inc.",Golden-brown fritters made with sweet corn.
"Arrowhead Pharmaceuticals, Inc.","Creamy and rich vanilla ice cream, a classic dessert."
Liberty All-Star Equity Fund,Cute fairy figurines to decorate your garden or potted plants.
"Dynex Capital, Inc.",Ziti pasta baked with marinara and parmesan cheese
Shaw Communications Inc.,Rich and flavorful pasta sauce made with ripe tomatoes and basil.
PowerShares DWA Healthcare Momentum Portfolio,Safety collar with flashing lights for pets during night walks.
PowerShares S&P SmallCap Consumer Staples Portfolio,"Complete kit with crayons, markers, and paper for young artists."
FinTech Acquisition Corp. II,True wireless earbuds with excellent sound quality.
Morgan Stanley China A Share Fund Inc.,Adjustable tripod with remote shutter for smartphones.
Aptevo Therapeutics Inc.,Easily opens jar lids and bottle caps with one touch.
Washington Prime Group Inc.,Grilled chicken skewers glazed with teriyaki sauce.
CBO (Listing Market - NYSE - Networks A/E),"Layers of pasta, veggies, and cheese baked to perfection."
Lehman ABS Corporation,Soft blanket that provides warmth with adjustable settings.
"Trex Company, Inc.",Complete kit for emergency situations including food and water.
La Jolla Pharmaceutical Company,Smart speaker with Alexa and music streaming features.
FutureFuel Corp.,Protects surfaces while baking or cooking with hot items.
Fuling Global Inc.,Crispy spring rolls filled with vegetables
Cabot Oil & Gas Corporation,A calming blanket that provides gentle pressure for relaxation.
Yangtze River Development Limited,"Elegant midi skirt with a wrap design, great for both formal and casual events."
"Era Group, Inc.",A tailored slim fit shirt for a polished look at work.
Ophthotech Corporation,Classic chicken noodle soup with tender chicken and vegetables.
Educational Development Corporation,Creative building set for kids to spark imagination.
"Buffalo Wild Wings, Inc.","Spiralized zucchini, a healthy alternative to pasta."
Otelco Inc.,Ergonomically designed pillow with breathable bamboo cover.
"NantHealth, Inc.",Sweetened powder for refreshing lemonade.
Stamps.com Inc.,"Crunchy granola with almonds and a hint of vanilla, perfect for breakfast."
Capital One Financial Corporation,"Wide egg noodles, perfect for casseroles and soups."
"Henry Schein, Inc.",Crispy almonds coated with cinnamon and sugar for a sweet and crunchy snack.
Westmoreland Coal Company,Salty pretzels filled with creamy peanut butter.
Azul S.A.,Healthy granola made with oats and honey.
Boulevard Acquisition Corp. II,Creamy chickpea dip infused with zesty garlic flavor.
Pacific Gas & Electric Co.,"Frozen cauliflower bites coated in spicy buffalo sauce, ready to bake and enjoy as an appetizer."
FIRST REPUBLIC BANK,Compact USB fan for personal cooling.
iShares PHLX SOX Semiconductor Sector Index Fund,Complete cleaning kit for camera lenses.
Asure Software Inc,Double-sided art easel for painting and drawing.
Bank of America Corporation,A casual striped long sleeve shirt that's perfect for layering.
NOW Inc.,Compact camp stove for outdoor cooking.
Sutherland Asset Management Corporation,A flavorful spread made with roasted garlic and creamy butter.
Resource Capital Corp.,Specialized attachment for removing pet hair from surfaces.
CoreSite Realty Corporation,A blend of spices perfect for seasoning steak.
Reynolds American Inc,Hearty chili made with premium ground beef and kidney beans.
PennantPark Investment Corporation,Lightweight and portable paddle board for water sports.
Axis Capital Holdings Limited,Clip-on guitar tuner with LCD display.
iSectors Post-MPT Growth ETF,Shower head designed for a strong spray and complete coverage.
Arbor Realty Trust,"Floral and refreshing herbal tea, great hot or iced."
"Collectors Universe, Inc.",A fitted ribbed knit dress that hugs your curves perfectly.
"Pulmatrix, Inc.",Delicious cookies packed with oats and raisins.
Novelion Therapeutics Inc. ,Soft cotton graphic tee available in various designs.
Addus HomeCare Corporation,Traditional basil pesto made with extra virgin olive oil.
Cesca Therapeutics Inc.,"Grape leaves stuffed with rice and herbs, ready to eat."
"Colony Bankcorp, Inc.",A crunchy collection of flavored kettle chips in a convenient pack.
Global X Health & Wellness Thematic ETF,Stylish and spacious case for makeup and beauty products.
Comcast Corporation,Delicious cookies packed with oats and raisins.
Bryn Mawr Bank Corporation,A mix of frozen roasted vegetables for an easy side dish.
"Allete, Inc.",Regulate water temperature for safe and comfortable showers.
"KVH Industries, Inc.","Crispy sweet potato fries, a delicious side dish."
"BeyondSpring, Inc.",Creamy chickpea dip blended with tahini and garlic.
Ashford Hospitality Trust Inc,High-quality leather wallet with multiple compartments.
"CoStar Group, Inc.",Portable bed for pets while traveling.
Ohio Valley Banc Corp.,Whole wheat wraps filled with spinach and feta cheese.
Eaton Vance Short Diversified Income Fund,Easy-to-heat frozen burritos for a quick meal.
"Care.com, Inc.",Creamy chickpea dip infused with zesty garlic flavor.
Solar Senior Capital Ltd.,Essential tools for on-the-go bike maintenance.
Public Storage,"Super soft fleece blanket, perfect for coziness."
Xcel Energy Inc.,Cordless electric knife for effortless slicing.
HomeTown Bankshares Corporation,"Refreshing tea with honey and lemon flavor, perfect for a warm drink."
"Ameresco, Inc.","A selection of different flavored hummus, great for snacking."
"Blackrock MuniYield California Fund, Inc.",Ergonomically designed neck pillow for comfortable travel.
Nuveen High Income December 2019 Target Term Fund,Battery-operated air purifier for small spaces.
MagneGas Corporation,"A blend of roasted red peppers and spices, perfect for dipping."
Arc Logistic Partners LP,Creamy honey mustard sauce for dipping or dressing.
Royal Bank Scotland plc (The),Breathable mesh sports leggings for ultimate comfort.
Calamos Convertible and High Income Fund,"Customizable RGB LED light strip, perfect for mood lighting."
"Bay Bancorp, Inc.","Crunchy granola with maple syrup and pecans, great for breakfast or snacking."
Cognex Corporation,"Sliced black olives, perfect for salads and pizzas."
MTGE Investment Corp.,Adjustable grinders for fresh spices at the table.
"Cross Country Healthcare, Inc.",Perfectly balanced sweet and tangy BBQ sauce for dipping or grilling.
"Entergy Arkansas, Inc.",Everything you need to make delicious spicy tuna rolls at home.
Fastenal Company,Lightweight and durable tent for camping trips.
OCI Partners LP,Rechargeable electric toothbrush with smart timer.
Monroe Capital Corporation,Easy-to-make pancake mix with chocolate chips included.
"Huntington Ingalls Industries, Inc.",Lightweight windbreaker for outdoor activities.
Sensata Technologies Holding N.V.,"Crispy and chewy granola bars, perfect for on-the-go."
"Endologix, Inc.",Sturdy camera tripod for professional photography.
"ServiceSource International, Inc.",Quality scissors designed for easy pet grooming.
Clipper Realty Inc.,A sweet and spicy sauce for dipping or glazing.
Jumei International Holding Limited,"A hearty salad with grains, dried fruits, and nuts."
Shinhan Financial Group Co Ltd,"Chilled noodles dressed in sesame sauce, ready to eat."
Advent Claymore Convertible Securities and Income Fund II,"Creamy chickpea dip, perfect for veggies or pita."
BHP Billiton plc,Fashionable wide-leg trousers for a chic silhouette.
"A. Schulman, Inc.",Compact sterilizer for disinfecting small items.
"Auburn National Bancorporation, Inc.","A savory marinade for meats, perfect for grilling."
Macquarie Global Infrastructure Total Return Fund Inc.,A stunning lace dress perfect for special occasions.
Platform Specialty Products Corporation,Creamy pumpkin soup with spices
"ANSYS, Inc.","Nutritious blend of wild rice and quinoa, perfect as a side dish."
Alcobra Ltd.,Complete kit for emergency situations including food and water.
Modern Media Acquisition Corp.,Compact laundry bag for travel use.
Triangle Capital Corporation,Comprehensive tool set for gardening enthusiasts.
"Nexeo Solutions, Inc.",Instant hot water dispenser for tea and cooking.
"National Bankshares, Inc.",Individually packaged bars made with dried fruits and nuts.
Cincinnati Financial Corporation,Savory bacon jerky coated with maple flavoring.
"Sensus Healthcare, Inc.",Cook rice and steam vegetables simultaneously for healthy meals.
"Pepsico, Inc.",Roasted cashews coated in honey and sesame seeds for a sweet treat.
Double Eagle Acquisition Corp.,A fashion-forward bomber jacket to elevate your casual looks.
Alabama Power Company,Mesh drying rack for preserving herbs and flowers.
Vanguard Short-Term Corporate Bond ETF,Fresh organic cucumber perfect for salads or snacking.
"Collectors Universe, Inc.",True wireless earbuds with excellent sound quality.
Discover Financial Services,"A smoky barbecue sauce, ideal for grilling and dipping."
"Tivity Health, Inc.",Crunchy croutons with a blend of herbs for salads.
"One Liberty Properties, Inc.",Convenient carrier for transporting yoga mat.
"Kelly Services, Inc.","Baked kale chips seasoned for a healthy, crunchy snack."
ENGlobal Corporation,Artisan bread with caraway seeds for added flavor.
"Ares Dynamic Credit Allocation Fund, Inc.",Stainless steel travel mug with spill-proof lid.
Nuveen Municipal High Income Opportunity Fund,"Crunchy tortilla chips with a hint of sea salt, great with dips."
Seaspan Corporation,Heavy-duty grill pan for indoor grilling.
"MobileIron, Inc.",Lightweight and moisture-wicking racerback tank for workouts.
"Plains All American Pipeline, L.P.",Manual blender for smoothies and mixing ingredients on the go.
"Telenav, Inc.",Everything you need to make your own scented candles at home.
AGNC Investment Corp.,"Creamy mashed sweet potatoes, ready to heat and serve."
"Financial Institutions, Inc.",Durable backpack designed for hiking and outdoor excursions.
"UMH Properties, Inc.",Compact camp stove for outdoor cooking.
First Community Corporation,Indoor putting green for practicing your putting skills.
"ConAgra Brands, Inc.",Automatically cooks eggs to your desired level.
"Agios Pharmaceuticals, Inc.","Canned diced tomatoes, great base for sauces and soups."
"WesBanco, Inc.",Oven-roasted potatoes tossed in garlic and parmesan cheese seasoning.
"BSB Bancorp, Inc.",Grow herbs indoors with this easy-to-use hydroponic garden system.
"OneMain Holdings, Inc.",Lightweight and durable tent for camping trips.
Koninklijke Philips N.V.,Bright flashlight with rechargeable batteries included.
"Stericycle, Inc.",Crispy spring rolls filled with vegetables
REGENXBIO Inc.,Programmable pet feeder for scheduled meals.
Seaspan Corporation,Creamy honey mustard sauce for dipping or dressing.
"Hercules Capital, Inc.","Quick oatmeal cups with banana and nut flavor, great for breakfast."
Ericsson,High-quality matcha powder for smoothies and baking.
NBT Bancorp Inc.,Durable non-stick frying pan for easy cooking and cleaning.
NASDAQ TEST STOCK,A rich pesto made with sun-dried tomatoes and pine nuts.
Gabelli Multi-Media Trust Inc. (The),Convenient feeder that adjusts to your pet's height.
International Business Machines Corporation,Savory bacon jerky coated with maple flavoring.
Banner Corporation,"Marinated shrimp in a garlic and lemon sauce, perfect for grilling."
Monroe Capital Corporation,"Flavorful rice mixed with coconut and lime, a tropical side dish."
Tidewater Inc.,Wi-Fi enabled doorbell with HD camera and two-way audio.
Northwest Pipe Company,Classic V-neck sweater crafted from soft wool for warmth and style.
Cerner Corporation,"Flavorful chicken sausage, low in fat and fully cooked."
Finisar Corporation,Fairy lights perfect for decorating patios and backyards.
Ion Geophysical Corporation,"Classic marinara sauce for pasta, pizza, or dipping."
Sotheby's,Ergonomically designed pillow with breathable bamboo cover.
"Casella Waste Systems, Inc.",A smoky blend of spices for grilling and roasting.
Chimera Investment Corporation,Cozy throw blanket perfect for chilly evenings.
"Nexeo Solutions, Inc.",Comfortable gaming chair for long hours of play.
Ampco-Pittsburgh Corporation,Fresh kale with Caesar dressing and croutons.
"SharpSpring, Inc.","Chopped and frozen spinach, ideal for cooking and smoothies."
"Nivalis Therapeutics, Inc.",Cordless electric screwdriver for home projects.
"MedEquities Realty Trust, Inc.","A sweet and spicy salsa made with mangoes and a hint of chili, great with chips or grilled chicken."
"Prudential Financial, Inc.",Compact sterilizer for disinfecting small items.
"Universal Stainless & Alloy Products, Inc.",Convenient hooks that utilize door space for hanging items.
"U S Concrete, Inc.",Quick-cooking ramen noodles made with organic wheat.
AECOM,Soft corner protectors to keep babies safe at home.
Cross Timbers Royalty Trust,Eco-friendly solar lights for pathways and gardens.
"Hasbro, Inc.",Breathable polo shirt designed for both style and comfort on the greens.
Global X Social Media ETF,Unique coffee brewing method for a flavorful experience.
Senior Housing Properties Trust,Quote wall art to inspire and motivate.
U.S. Bancorp,"Instant oats with a savory twist, such as herbs and spices."
First Horizon National Corporation,"Authentic Italian pasta, perfect for a classic meal."
"Aerojet Rocketdyne Holdings, Inc. ",Wireless headphones with noise-canceling features.
"Greenbrier Companies, Inc. (The)",Windshield sunshade for car interior protection.
"Intersect ENT, Inc.",Timeless analog watch with a leather strap.
Government Properties Income Trust,"Soft, cuddly toy that interacts with children."
Western Asset Global Corporate Defined Opportunity Fund Inc.,Handheld sprayer designed for washing pets easily.
Giga-tronics Incorporated,Stylish smartwatch with fitness tracking and notifications.
Quest Diagnostics Incorporated,"Couscous salad with cucumbers, tomatoes, feta, and olives, ready to eat."
Wipro Limited,"Soft and comfortable robe, perfect for lounging at home."
Noah Holdings Ltd.,Sweet mixture of cinnamon and sugar for sprinkling.
argenx SE,Creamy peach-flavored yogurt with real fruit.
"Schneider National, Inc.",A fitted ribbed knit dress that hugs your curves perfectly.
"Chart Industries, Inc.",Regulate water temperature for safe and comfortable showers.
"NCS Multistage Holdings, Inc.",Tool for measuring perfect pasta portions every time.
First Community Corporation,Chic wrap jumpsuit that flatters the body and is perfect for any occasion.
Intuit Inc.,Secure phone mount that wirelessly charges your device while driving.
iShares Commodities Select Strategy ETF,"Crunchy granola with toasted coconut flakes, perfect for breakfast or snacks."
Matlin & Partners Acquisition Corporation,"All-in-one tool for measuring soil moisture, light, and pH."
Taitron Components Incorporated,Set of resistance bands for home workouts.
Principal Price Setters Index ETF,Soft and chewy cookies made with creamy peanut butter.
"American International Group, Inc.",Stylish baskets for organizing various items in your home.
Bunge Limited,A spicy marinade perfect for chicken and fish.
"Inter Parfums, Inc.",Essential tools for on-the-go bike maintenance.
Dell Technologies Inc.,Frozen pizza loaded with fresh vegetables and mozzarella cheese.
"MEI Pharma, Inc.",Beginner telescope for stargazing and exploring.
PowerShares S&P SmallCap Consumer Staples Portfolio,Delicious recipes focusing on plant-based ingredients.
Washington Prime Group Inc.,A sweet and spicy sauce for dipping or cooking.
Morgan Stanley,"Crunchy granola clusters, perfect for snacking or topping yogurt."
Euroseas Ltd.,Storage solutions for keeping your car tidy and organized.
NASDAQ TEST STOCK,Marinated chicken grilled with lemon and herbs.
ePlus inc.,Regulate water temperature for safe and comfortable showers.
Lexington Realty Trust,Ergonomic office chair with lumbar support and adjustable height.
"NuStar Logistics, L.P.",Lightweight tripod designed for smartphone photography.
Keysight Technologies Inc.,"Complete kit with crayons, markers, and paper for young artists."
"Anthem, Inc.","Instant oats with a savory twist, such as herbs and spices."
"GlassBridge Enterprises, Inc.",Sand-resistant and compact for outdoor and beach use.
"NETGEAR, Inc.","Layered Greek yogurt with granola and mixed berries, ready to enjoy."
CBRE Clarion Global Real Estate Income Fund,Luxurious satin slip dress for an elegant evening look.
VelocityShares Daily Inverse VIX Short-Term ETN,Yoga socks designed to provide better grip and stability.
"AquaBounty Technologies, Inc.",Sweet and crunchy honey-flavored graham crackers.
"BioCryst Pharmaceuticals, Inc.",Stylish stand to hold your recipes while cooking.
"LendingTree, Inc.",Classic wooden puzzle game for kids and adults.
"FleetCor Technologies, Inc.",Lightweight and portable picnic table for outdoor use.
NVE Corporation,Soft cookies made with almond butter
"BGC Partners, Inc.",Retro instant camera for capturing and printing photos instantly.
Pacific Special Acquisition Corp.,Herbal tea blend with ginger and turmeric for a soothing drink.
"Imprimis Pharmaceuticals, Inc.",Savory teriyaki sauce for stir-frying veggies or meats.
WSFS Financial Corporation,A rich curry paste for making authentic Thai green curry at home.
"DineEquity, Inc",Quick boiling kettle for small kitchens and dorms.
PowerShares KBW Property & Casualty Insurance Portfolio,Soft cotton graphic tee available in various designs.
"LEAP THERAPEUTICS, INC.",Comfortable kneeling pad for gardening or home projects.
Kenon Holdings Ltd.,"Sweet and fruity peach preserves, perfect for spreading on toast."
Kennedy-Wilson Holdings Inc.,Durable cover to protect your grill from the elements.
Arbor Realty Trust,Wearable device to track fitness activities and heart rate.
PennantPark Floating Rate Capital Ltd.,"Yogurt with the flavors of coconut cream pie, nice and indulgent."
PIMCO New York Municipal Income Fund III,Compact fridge ideal for camping and road trips.
iShares S&P India Nifty 50 Index Fund,Colorful building blocks for creative play.
"SPS Commerce, Inc.",Sustainable bamboo utensils for cooking and serving.
Liberty Media Corporation,"Rich in selenium, perfect for snacking or baking."
Cone Midstream Partners LP,"A creamy spread made with chocolate and hazelnuts, perfect for toast."
Yangtze River Development Limited,"Creamy yogurt made from almond milk, vegan-friendly."
J P Morgan Chase & Co,Leak-proof cooler bag ideal for picnics and camping.
The Health and Fitness ETF,Light and fluffy popcorn coated in aged white cheddar.
Denny's Corporation,Nutritious and quick-cooking red lentils.
"RPC, Inc.",No-bake protein balls with chocolate and coconut flavors.
"Alliance HealthCare Services, Inc.",Water bottle with built-in UV-C light for self-cleaning.
Calamos Dynamic Convertible & Income Fund,Convenient charging stand for smartphones and devices.
"Xenetic Biosciences, Inc.",Quality scissors designed for easy pet grooming.
The Health and Fitness ETF,A cozy long cardigan designed for layering in any season.
Eaton Vance Senior Income Trust,Intricate designs for adults to relax and unwind.
"Safe Bulkers, Inc",Savory wraps with buffalo chicken and fresh vegetables.
"Argos Therapeutics, Inc.",Affordable fitness tracker with heart rate monitor.
AT&T Inc.,Savory popcorn flavored with maple syrup and bacon bits.
"Cooper Companies, Inc. (The)",DIY projector that magnifies your smartphone screen for movie nights.
argenx SE,Oatmeal made with savory spices and vegetables.
Virtusa Corporation,Ready-to-bake cinnamon roll dough for easy breakfasts.
"Intercept Pharmaceuticals, Inc.",Assorted nail polish set for vibrant nails.
iPath US Treasury Steepener ETN,Fresh pre-cut carrot and celery sticks for easy snacking.
Antero Midstream GP LP,"Compact towels that expand when wet, ideal for travel."
Global Partners LP,Water-resistant activity tracker and smartwatch features.
"Coffee Holding Co., Inc.",Bright safety vest for outdoor visibility during any activity.
"Liquidity Services, Inc.","Fresh button mushrooms, great for cooking."
"Old Line Bancshares, Inc.","Delicate ravioli filled with roasted butternut squash and spices, perfect with a sage butter sauce."
Ramco-Gershenson Properties Trust,"A healthy oil extracted from avocados, ideal for frying and salads."
First Trust Taiwan AlphaDEX Fund,"Ready-to-eat beet salad with dressing, great side dish."
Resource Capital Corp.,Multifunctional smartwatch for fitness tracking.
Vident Core US Equity ETF,Assorted nail polish set for vibrant nails.
Travelport Worldwide Limited,Compact camp stove for outdoor cooking.
"Big Lots, Inc.",Tangy whole grain mustard for sandwiches and dressings.
"Planet Fitness, Inc.",Versatile multi-cooker for pressure cooking and slow cooking.
DDR Corp.,Stainless steel travel mug with spill-proof lid.
"Synergy Pharmaceuticals, Inc.",Convenient charging stand for smartphones and devices.
Constellation Brands Inc,Fluffy pancakes with buttermilk flavor.
"TerraForm Global, Inc.","A sweet and spicy salsa made with mangoes and a hint of chili, great with chips or grilled chicken."
IBERIABANK Corporation,Comfortable over-ear headphones with deep bass.
BRT Apartments Corp.,"Trendy leggings with a unique graphic print, versatile for workouts and casual wear."
Golar LNG Partners LP,"Sweet and fruity peach preserves, perfect for spreading on toast."
Telecom Italia S.P.A.,Dairy-free yogurt made from coconut milk.
GP Strategies Corporation,"High in protein, perfect for soups and stews."
"Templeton Emerging Markets Income Fund, Inc.","Wide egg noodles, perfect for casseroles and soups."
"Digital Realty Trust, Inc.",Soft blanket that provides warmth with adjustable settings.
"Hologic, Inc.","A trendy fanny pack, perfect for hands-free outings."
Mercury Systems Inc,"Sweet and tender peach slices preserved in syrup, great for desserts."
Agrium Inc.,Roasted almonds coated in a sweet maple and cinnamon mixture.
Constellation Brands Inc,Leak-proof bottles for travel-sized toiletries.
Atmos Energy Corporation,Durable and shatterproof silicone glasses for outdoor use.
"T-Mobile US, Inc.",Adjustable dog collar with personalized tags.
Canadian National Railway Company,Automatically cooks eggs to your desired level.
"ING Group, N.V.","Spicy sauce made with chili peppers and garlic, great for stir-frying."
"Eagle Pharmaceuticals, Inc.",Modern desk lamp that features a built-in USB charging port.
"China Automotive Systems, Inc.",Storage solutions for keeping your car tidy and organized.
MB Financial Inc.,Solar-powered charger for smartphones and tablets.
The GDL Fund,"A mix of strawberries, blueberries, and raspberries, great for smoothies or desserts."
Pendrell Corporation,Compact organizer for cosmetics during travel.
"Cree, Inc.",A flavorful lentil curry cooked with vegetables and spices.
"Seabridge Gold, Inc.",A nutritious salad with quinoa and black beans
American Express Company,Spacious 2-person camping tent with waterproof cover.
Valvoline Inc.,A sweet and spicy sauce for dipping or cooking.
Mesoblast Limited,Complete watercolor set with paints and brushes.
"Dynex Capital, Inc.",Silicone oven mitts for safe handling of hot cookware.
"Insignia Systems, Inc.",Eco-friendly bags for picking up after your pet.
"Stericycle, Inc.","Farm fresh eggs, essential for breakfast."
"Clear Channel Outdoor Holdings, Inc.",Multi-level scratching post to keep your cat entertained.
"MACOM Technology Solutions Holdings, Inc.",High-quality headphones that block out external noise for immersive listening.
"Intersect ENT, Inc.",Insulated pitcher to keep beverages cold or hot.
"LifePoint Health, Inc.","Continuous stream of fresh water for pets, promoting hydration."
NXT-ID Inc.,"Large, durable tote bag for shopping and outdoor activities."
First American Corporation (The),Set for making fondue at home.
"Schnitzer Steel Industries, Inc.","Assorted herbal teas, perfect for a warm and relaxing drink."
"Famous Dave's of America, Inc.",Durable jump rope for cardio workouts.
Grupo Financiero Galicia S.A.,"Tender riblets coated in a honey barbecue glaze, perfect for grilling or baking."
Gold Fields Limited,Complete fondue set for chocolate and cheese parties.
"Alon USA Partners, LP",Durable and shatterproof silicone glasses for outdoor use.
First Trust TCW Opportunistic Fixed Income ETF,Chic slingback sandals for a relaxed summer vibe.
"Pinnacle Financial Partners, Inc.",Spicy buffalo sauce ideal for wings or dipping.
Harvest Capital Credit Corporation,Nutty flavor perfect for pesto and salads.
Equity Commonwealth,"Creamy yogurt made from coconut milk, dairy-free and delicious."
"ExlService Holdings, Inc.",Savory potato chips with a hint of maple sweetness and crispy bacon flavor.
STMicroelectronics N.V.,Portable case to organize and protect jewelry on trips.
Kenon Holdings Ltd.,Everything you need to make your own scented candles at home.
Purefunds Solactive FinTech ETF,Dried tomatoes packed with deep flavor for salads and pasta.
HollyFrontier Corporation,"Frozen zucchini slices coated in parmesan cheese, perfect for baking or frying."
"AstroNova, Inc.","A comfortable henley shirt made of soft cotton, perfect for casual outings."
CHS Inc,"Nutritious blend of wild rice and quinoa, perfect as a side dish."
Kaman Corporation,"A zesty salsa made with peaches and mangos, great for chips."
"United Bancorp, Inc.",Portable chess set with magnetic pieces for travel.
Nuveenn Intermediate Duration Quality Municipal Term Fund,"Versatile canned black beans, ready to add to any dish."
"MMA Capital Management, LLC",Soft and cozy slippers for indoor wear.
"Fusion Telecommunications International, Inc.","Seasonal pumpkin ice cream, perfect for fall."
Aegon NV,"Durable canvas tote bag, perfect for everyday use."
Intercontinental Exchange Inc.,Delicious and tangy marinade for grilling or baking chicken.
Agenus Inc.,Beginner-friendly acoustic guitar with natural finish.
"BofI Holding, Inc.",Durable skipping rope with adjustable length for workouts.
"Air T, Inc.","A mix of strawberries, blueberries, and raspberries."
BT Group plc,Stability ball for Pilates and yoga workouts.
"Emerald Expositions Events, Inc.",Comfortable wireless headphones designed for sleeping.
Chesapeake Lodging Trust,Eco-friendly electric bike with a 30-mile range.
Sherwin-Williams Company (The),Fun book filled with puzzles and games for kids.
Alphabet Inc.,Programmable digital thermostat for home heating.
Phoenix New Media Limited,Creamy tahini made from ground sesame seeds.
Federal Agricultural Mortgage Corporation,"Thin rice noodles, ideal for stir-fries and soups."
Fidelity and Guaranty Life,Marinated beef strips in teriyaki sauce for easy grilling.
FORM Holdings Corp.,Set of elegant wine glasses for special occasions.
Trimble Inc.,Organize coffee capsules with this stylish dispenser.
Rand Capital Corporation,Sleek and protective sleeve for laptops and tablets.
"Entergy New Orleans, Inc.",Elevated planter box for growing herbs or small plants easily.
Whitestone REIT,Compact hose reel to keep your garden tidy.
"First Capital, Inc.",Everything you need to make delicious spicy tuna rolls at home.
Morgan Stanley China A Share Fund Inc.,Fun and colorful gardening tools designed for children.
"Hill International, Inc.",Stylish wine rack to store and display bottles.
"Tortoise Pipeline & Energy Fund, Inc.",Creamy hummus made with sweet peas and tahini.
"Liquidity Services, Inc.",Set of baking sheets for effortless baking.
Nielsen N.V.,Effective brush for removing loose hair from pets.
"The Herzfeld Caribbean Basin Fund, Inc.",Warmer for heating baby bottles and food jars.
Hugoton Royalty Trust,Classic V-neck sweater crafted from soft wool for warmth and style.
PowerShares High Yield Equity Dividend Achievers Portfolio,Decorative table runner perfect for autumn gatherings.
Ashford Hospitality Trust Inc,Frozen pizza loaded with fresh vegetables and mozzarella cheese.
"Monster Digital, Inc.",All ingredients needed to make your own sushi
Nuveen New York Quality Municipal Income Fund,Crunchy corn chips flavored with chili and lime for a zesty kick.
"Staffing 360 Solutions, Inc.",Compact and portable backpack for day trips and travel.
Transportadora De Gas Sa Ord B,"Light and crispy rice cakes, a perfect low-calorie snack."
DLH Holdings Corp.,Lightweight and portable picnic table for outdoor use.
"RF Industries, Ltd.",Canned beans cooked in a savory chili sauce
John Bean Technologies Corporation,A spicy marinade perfect for chicken and fish.
"Knight Transportation, Inc.",Spicy chili sauce with garlic and sugar for a flavor kick.
"Aevi Genomic Medicine, Inc.",Durable and soft frisbee designed for dogs to play with.
MGM Growth Properties LLC,A healthy vegan cheese alternative packed with nutrients and flavor.
"Four Corners Property Trust, Inc.",Space-saving colander for rinsing fruits and vegetables.
"Ironwood Pharmaceuticals, Inc.",Zesty seasoning great for tacos and grilling.
"Himax Technologies, Inc.","Creamy hummus with a kick of spice, great for dipping."
"Onvia, Inc.",Creamy peanut butter with no added sugar or oils.
Nuveen Preferred and Income 2022 Term Fund,Space-saving adjustable dumbbells for strength training.
"PHI, Inc.",High-resolution camera for stunning photos.
"Core-Mark Holding Company, Inc.","A refreshing drink mix that combines sweet raspberries and tart lemons, perfect for summer."
First Trust Low Duration Opportunities ETF,Adjustable shelving unit for home or garage storage.
"Fortune Brands Home & Security, Inc.","Fresh organic sweet potatoes, great for roasting or mashing."
"Goldman Sachs Group, Inc. (The)","Nutty flavored lentils, perfect for soups and salads."
WisdomTree Middle East Dividend Fund,Microwaveable heat pad for soothing muscle aches.
"Ambarella, Inc.",Comfortable pet carrier for travel and vet visits.
VictoryShares US 500 Volatility Wtd ETF,Durable and versatile backpack for outdoor and travel use.
Diana Containerships Inc.,Space-saving broom holder for organized cleaning supplies.
TravelCenters of America LLC,Space-saving cup that folds flat for easy storage.
"McDermott International, Inc.",Crunchy and flavorful mix of oats and honey.
"Dominion Energy, Inc.",A retro-style button-down shirt with a relaxed fit.
"Boingo Wireless, Inc.",A high-quality protein powder perfect for smoothies and baking.
WisdomTree Emerging Markets Quality Dividend Growth Fund,Plant-based protein powder for post-workout recovery.
WisdomTree Japan Hedged SmallCap Equity Fund,Foldable chair equipped with a cooler pouch.
DDR Corp.,Comprehensive camera and alert system for home security.
W.R. Berkley Corporation,Stylish bookends to keep books organized on shelves.
